ADP,Overall,Player,Position,Team,Times Drafted,Std. Dev,High,Low,ByeWeek,ConsensusOverallRank,Year,DavidZach_Rank,DavidZach_ValueVsADP,DavidZach_Notes,JonBoyBeats_Rank,JonBoyBeats_Notes,JoshLarky_Rank,JoshLarky_Tier,JoshLarky_Notes,FantasyPros_Rank,FantasyPros_Notes,ESPN_Rank,ESPN_Notes,FFC_Rank,FFC_Notes,ESPN_ADP,TwitterConsensus,My_AI_Notes,Tag_Rookie,Tag_FlexValue,Tag_SafeFloor,Tag_HighUpside,Tag_Handcuff,Tag_InjuryRisk,Tag_Target,Tag_Fade,JustinBoone_Rank,JustinBoone_Notes,Tag_Sleeper,ConsensusTier
1.02,1.5,Saquon Barkley,RB,PHI,31,0.7,1,3,9,1.5,,,,,,,,,,,,,,1.5,,,,RB1 anchor. Round ~1. Bye 9. Full-PPR: reception volume boosts value. Pick 7: Prefer elite WR; pivot to Gibbs/Bijan/Barkley if WR tier gone. Pick 14: Balance build—secure RB if WR-heavy room; consider Bowers/McBride if tiers flatten. Picks 27/34: Prioritize WR2/3 or RB2; consider Allen/Hurts/Lamar only if they fall. Picks 47+: Prioritize upside (rookies/sophomores).,,Y,Y,,,,,,,,,Tier 1 (Round 1)
1.02,1.9,Bijan Robinson,RB,ATL,46,0.7,1,3,5,1.9,,,,,,,,,,,,,,1.9,,,,RB1 anchor. Round ~1. Bye 5. Full-PPR: reception volume boosts value. Pick 7: Prefer elite WR; pivot to Gibbs/Bijan/Barkley if WR tier gone. Pick 14: Balance build—secure RB if WR-heavy room; consider Bowers/McBride if tiers flatten. Picks 27/34: Prioritize WR2/3 or RB2; consider Allen/Hurts/Lamar only if they fall. Picks 47+: Prioritize upside (rookies/sophomores).,,Y,Y,,,,,,,,,Tier 1 (Round 1)
1.04,3.8,Ja'Marr Chase,WR,CIN,114,2.0,1,9,10,3.8,,,,,,,,,,,,,,3.8,,,,WR1 anchor. Round ~1. Bye 10. Full-PPR: reception volume boosts value. Pick 7: Prefer elite WR; pivot to Gibbs/Bijan/Barkley if WR tier gone. Pick 14: Balance build—secure RB if WR-heavy room; consider Bowers/McBride if tiers flatten. Picks 27/34: Prioritize WR2/3 or RB2; consider Allen/Hurts/Lamar only if they fall. Picks 47+: Prioritize upside (rookies/sophomores).,,Y,Y,,,,,,,,,Tier 1 (Round 1)
1.04,4.0,Jahmyr Gibbs,RB,DET,68,1.1,1,6,8,4.0,,,,,,,,,,,,,,4.0,,,,RB1 anchor. Round ~1. Bye 8. Near your pick #7. Full-PPR: reception volume boosts value. Pick 7: Prefer elite WR; pivot to Gibbs/Bijan/Barkley if WR tier gone. Pick 14: Balance build—secure RB if WR-heavy room; consider Bowers/McBride if tiers flatten. Picks 27/34: Prioritize WR2/3 or RB2; consider Allen/Hurts/Lamar only if they fall. Picks 47+: Prioritize upside (rookies/sophomores).,,Y,Y,,,,,,,,,Tier 1 (Round 1)
1.06,6.5,Jonathan Taylor,RB,IND,15,0.9,5,9,11,6.5,,,,,,,,,,,,,,6.5,,,,RB1 anchor. Round ~1. Bye 11. Near your pick #7. Full-PPR: reception volume boosts value. Pick 7: Prefer elite WR; pivot to Gibbs/Bijan/Barkley if WR tier gone. Pick 14: Balance build—secure RB if WR-heavy room; consider Bowers/McBride if tiers flatten. Picks 27/34: Prioritize WR2/3 or RB2; consider Allen/Hurts/Lamar only if they fall. Picks 47+: Prioritize upside (rookies/sophomores).,,Y,,,,,,,,,,Tier 1 (Round 1)
1.07,7.0,Justin Jefferson,WR,MIN,44,1.6,4,11,6,7.0,,,,,,,,,,,,,,7.0,,,,WR1 anchor. Round ~1. Bye 6. Near your pick #7. Full-PPR: reception volume boosts value. Pick 7: Prefer elite WR; pivot to Gibbs/Bijan/Barkley if WR tier gone. Pick 14: Balance build—secure RB if WR-heavy room; consider Bowers/McBride if tiers flatten. Picks 27/34: Prioritize WR2/3 or RB2; consider Allen/Hurts/Lamar only if they fall. Picks 47+: Prioritize upside (rookies/sophomores).,,Y,Y,,,,,,,,,Tier 1 (Round 1)
1.08,8.2,Christian McCaffrey,RB,SF,94,2.3,3,14,14,8.2,,,,,,,,,,,,,,8.2,,,,RB1 anchor. Round ~1. Bye 14. Near your pick #7. Full-PPR: reception volume boosts value. Pick 7: Prefer elite WR; pivot to Gibbs/Bijan/Barkley if WR tier gone. Pick 14: Balance build—secure RB if WR-heavy room; consider Bowers/McBride if tiers flatten. Picks 27/34: Prioritize WR2/3 or RB2; consider Allen/Hurts/Lamar only if they fall. Picks 47+: Prioritize upside (rookies/sophomores).,,Y,,,,,,,,,,Tier 1 (Round 1)
1.08,8.4,Josh Jacobs,RB,GB,21,1.8,6,12,5,8.4,,,,,,,,,,,,,,8.4,,,,RB1 anchor. Round ~1. Bye 5. Near your pick #7. Full-PPR: reception volume boosts value. Pick 7: Prefer elite WR; pivot to Gibbs/Bijan/Barkley if WR tier gone. Pick 14: Balance build—secure RB if WR-heavy room; consider Bowers/McBride if tiers flatten. Picks 27/34: Prioritize WR2/3 or RB2; consider Allen/Hurts/Lamar only if they fall. Picks 47+: Prioritize upside (rookies/sophomores).,,Y,,,,,,,,,,Tier 1 (Round 1)
1.1,10.0,Ashton Jeanty,RB,LV,70,2.0,5,14,8,10.0,1.0,,,,,,,,,,,,,10.0,,,,RB1 anchor. Round ~1. Bye 8. Near your pick #7. Full-PPR: reception volume boosts value. Boone: sleeper/upside. Pick 7: Prefer elite WR; pivot to Gibbs/Bijan/Barkley if WR tier gone. Pick 14: Balance build—secure RB if WR-heavy room; consider Bowers/McBride if tiers flatten. Picks 27/34: Prioritize WR2/3 or RB2; consider Allen/Hurts/Lamar only if they fall. Picks 47+: Prioritize upside (rookies/sophomores).,Y,Y,,Y,,,,,,"Boone: highlighted as sleeper/upside. Explosive rookie; receiving chops fit full-PPR, red-zone role could spike TDs.",Boone Sleeper,Tier 1 (Round 1)
1.1,10.4,CeeDee Lamb,WR,DAL,100,2.2,5,16,10,10.4,,,,,,,,,,,,,,10.4,,,,WR1 anchor. Round ~1. Bye 10. Near your pick #7. Full-PPR: reception volume boosts value. Pick 7: Prefer elite WR; pivot to Gibbs/Bijan/Barkley if WR tier gone. Pick 14: Balance build—secure RB if WR-heavy room; consider Bowers/McBride if tiers flatten. Picks 27/34: Prioritize WR2/3 or RB2; consider Allen/Hurts/Lamar only if they fall. Picks 47+: Prioritize upside (rookies/sophomores).,,Y,Y,,,,,,,,,Tier 1 (Round 1)
1.11,11.2,Kyren Williams,RB,LAR,32,1.9,8,15,8,11.2,,,,,,,,,,,,,,11.2,,,,RB1 anchor. Round ~2. Bye 8. Near your pick #14. Full-PPR: reception volume boosts value. Pick 7: Prefer elite WR; pivot to Gibbs/Bijan/Barkley if WR tier gone. Pick 14: Balance build—secure RB if WR-heavy room; consider Bowers/McBride if tiers flatten. Picks 27/34: Prioritize WR2/3 or RB2; consider Allen/Hurts/Lamar only if they fall. Picks 47+: Prioritize upside (rookies/sophomores).,,Y,,,,,,,,,,Tier 1 (Round 1)
2.01,13.4,Bucky Irving,RB,TB,61,2.2,8,21,9,13.4,1.0,,,,,,,,,,,,,13.4,,,,RB1 anchor. Round ~2. Bye 9. Near your pick #14. Full-PPR: reception volume boosts value. Pick 7: Prefer elite WR; pivot to Gibbs/Bijan/Barkley if WR tier gone. Pick 14: Balance build—secure RB if WR-heavy room; consider Bowers/McBride if tiers flatten. Picks 27/34: Prioritize WR2/3 or RB2; consider Allen/Hurts/Lamar only if they fall. Picks 47+: Prioritize upside (rookies/sophomores).,Y,Y,,Y,,,,,,,,Tier 2 (Round 2)
2.02,13.6,Lamar Jackson,QB,BAL,28,3.4,5,19,7,13.6,,,,,,,,,,,,,,13.6,,,,Elite QB. Round ~2. Bye 7. Near your pick #14. Pick 7: Prefer elite WR; pivot to Gibbs/Bijan/Barkley if WR tier gone. Pick 14: Balance build—secure RB if WR-heavy room; consider Bowers/McBride if tiers flatten. Picks 27/34: Prioritize WR2/3 or RB2; consider Allen/Hurts/Lamar only if they fall. Picks 47+: Prioritize upside (rookies/sophomores).,,,,,,,,,,,,Tier 2 (Round 2)
2.02,14.0,Nico Collins,WR,HOU,35,1.8,10,19,6,14.0,,,,,,,,,,,,,,14.0,,,,WR1 anchor. Round ~2. Bye 6. Near your pick #14. Full-PPR: reception volume boosts value. Pick 7: Prefer elite WR; pivot to Gibbs/Bijan/Barkley if WR tier gone. Pick 14: Balance build—secure RB if WR-heavy room; consider Bowers/McBride if tiers flatten. Picks 27/34: Prioritize WR2/3 or RB2; consider Allen/Hurts/Lamar only if they fall. Picks 47+: Prioritize upside (rookies/sophomores).,,Y,Y,,,,,,,,,Tier 2 (Round 2)
2.03,14.6,Malik Nabers,WR,NYG,38,1.8,10,18,14,14.6,1.0,,,,,,,,,,,,,14.6,,,,WR1 anchor. Round ~2. Bye 14. Near your pick #14. Full-PPR: reception volume boosts value. Pick 7: Prefer elite WR; pivot to Gibbs/Bijan/Barkley if WR tier gone. Pick 14: Balance build—secure RB if WR-heavy room; consider Bowers/McBride if tiers flatten. Picks 27/34: Prioritize WR2/3 or RB2; consider Allen/Hurts/Lamar only if they fall. Picks 47+: Prioritize upside (rookies/sophomores).,Y,Y,,Y,,,,,,,,Tier 2 (Round 2)
2.05,16.8,Puka Nacua,WR,LAR,34,2.6,9,22,8,16.8,,,,,,,,,,,,,,16.8,,,,WR1 anchor. Round ~2. Bye 8. Near your pick #14. Full-PPR: reception volume boosts value. Pick 7: Prefer elite WR; pivot to Gibbs/Bijan/Barkley if WR tier gone. Pick 14: Balance build—secure RB if WR-heavy room; consider Bowers/McBride if tiers flatten. Picks 27/34: Prioritize WR2/3 or RB2; consider Allen/Hurts/Lamar only if they fall. Picks 47+: Prioritize upside (rookies/sophomores).,,Y,Y,,,,,,,,,Tier 2 (Round 2)
2.05,17.2,Josh Allen,QB,BUF,51,5.3,3,24,7,17.2,,,,,,,,,,,,,,17.2,,,,Elite QB. Round ~2. Bye 7. Near your pick #14. Pick 7: Prefer elite WR; pivot to Gibbs/Bijan/Barkley if WR tier gone. Pick 14: Balance build—secure RB if WR-heavy room; consider Bowers/McBride if tiers flatten. Picks 27/34: Prioritize WR2/3 or RB2; consider Allen/Hurts/Lamar only if they fall. Picks 47+: Prioritize upside (rookies/sophomores).,,,,,,,,,,,,Tier 2 (Round 2)
2.06,17.5,Brian Thomas Jr.,WR,JAX,41,3.1,9,23,8,17.5,1.0,,,,,,,,,,,,,17.5,,,,WR1 anchor. Round ~2. Bye 8. Near your pick #14. Full-PPR: reception volume boosts value. Pick 7: Prefer elite WR; pivot to Gibbs/Bijan/Barkley if WR tier gone. Pick 14: Balance build—secure RB if WR-heavy room; consider Bowers/McBride if tiers flatten. Picks 27/34: Prioritize WR2/3 or RB2; consider Allen/Hurts/Lamar only if they fall. Picks 47+: Prioritize upside (rookies/sophomores).,Y,Y,,Y,,,,,,,,Tier 2 (Round 2)
2.06,17.6,De'Von Achane,RB,MIA,41,2.8,12,24,12,17.6,,,,,,,,,,,,,,17.6,,,,RB1 anchor. Round ~2. Bye 12. Near your pick #14. Full-PPR: reception volume boosts value. Pick 7: Prefer elite WR; pivot to Gibbs/Bijan/Barkley if WR tier gone. Pick 14: Balance build—secure RB if WR-heavy room; consider Bowers/McBride if tiers flatten. Picks 27/34: Prioritize WR2/3 or RB2; consider Allen/Hurts/Lamar only if they fall. Picks 47+: Prioritize upside (rookies/sophomores).,,Y,,,,,,,,,,Tier 2 (Round 2)
2.08,19.8,A.J. Brown,WR,PHI,26,2.8,14,27,9,19.8,,,,,,,,,,,,,,19.8,,,,WR1 anchor. Round ~2. Bye 9. Full-PPR: reception volume boosts value. Pick 7: Prefer elite WR; pivot to Gibbs/Bijan/Barkley if WR tier gone. Pick 14: Balance build—secure RB if WR-heavy room; consider Bowers/McBride if tiers flatten. Picks 27/34: Prioritize WR2/3 or RB2; consider Allen/Hurts/Lamar only if they fall. Picks 47+: Prioritize upside (rookies/sophomores).,,Y,Y,,,,,,,,,Tier 2 (Round 2)
2.08,19.9,Chase Brown,RB,CIN,126,4.1,11,29,10,19.9,,,,,,,,,,,,,,19.9,,,,RB1 anchor. Round ~2. Bye 10. Full-PPR: reception volume boosts value. Pick 7: Prefer elite WR; pivot to Gibbs/Bijan/Barkley if WR tier gone. Pick 14: Balance build—secure RB if WR-heavy room; consider Bowers/McBride if tiers flatten. Picks 27/34: Prioritize WR2/3 or RB2; consider Allen/Hurts/Lamar only if they fall. Picks 47+: Prioritize upside (rookies/sophomores).,,Y,,,,,,,,,,Tier 2 (Round 2)
2.09,21.2,Drake London,WR,ATL,41,2.8,15,28,5,21.2,,,,,,,,,,,,,,21.2,,,,WR1 anchor. Round ~3. Bye 5. Full-PPR: reception volume boosts value. Pick 7: Prefer elite WR; pivot to Gibbs/Bijan/Barkley if WR tier gone. Pick 14: Balance build—secure RB if WR-heavy room; consider Bowers/McBride if tiers flatten. Picks 27/34: Prioritize WR2/3 or RB2; consider Allen/Hurts/Lamar only if they fall. Picks 47+: Prioritize upside (rookies/sophomores).,,Y,,,,,,,,,,Tier 2 (Round 2)
2.11,22.9,Joe Burrow,QB,CIN,32,3.1,15,28,10,22.9,,,,,,,,,,,,,,22.9,,,,Elite QB. Round ~3. Bye 10. Pick 7: Prefer elite WR; pivot to Gibbs/Bijan/Barkley if WR tier gone. Pick 14: Balance build—secure RB if WR-heavy room; consider Bowers/McBride if tiers flatten. Picks 27/34: Prioritize WR2/3 or RB2; consider Allen/Hurts/Lamar only if they fall. Picks 47+: Prioritize upside (rookies/sophomores).,,,,,,,,,,,,Tier 2 (Round 2)
2.11,23.5,James Cook,RB,BUF,62,4.1,13,32,7,23.5,,,,,,,,,,,,,,23.5,,,,RB1 anchor. Round ~3. Bye 7. Full-PPR: reception volume boosts value. Pick 7: Prefer elite WR; pivot to Gibbs/Bijan/Barkley if WR tier gone. Pick 14: Balance build—secure RB if WR-heavy room; consider Bowers/McBride if tiers flatten. Picks 27/34: Prioritize WR2/3 or RB2; consider Allen/Hurts/Lamar only if they fall. Picks 47+: Prioritize upside (rookies/sophomores).,,Y,,,,,,,,,,Tier 2 (Round 2)
2.12,23.8,Amon-Ra St. Brown,WR,DET,112,4.7,11,33,8,23.8,,,,,,,,,,,,,,23.8,,,,WR1 anchor. Round ~3. Bye 8. Full-PPR: reception volume boosts value. Pick 7: Prefer elite WR; pivot to Gibbs/Bijan/Barkley if WR tier gone. Pick 14: Balance build—secure RB if WR-heavy room; consider Bowers/McBride if tiers flatten. Picks 27/34: Prioritize WR2/3 or RB2; consider Allen/Hurts/Lamar only if they fall. Picks 47+: Prioritize upside (rookies/sophomores).,,Y,Y,,,,,,,,,Tier 2 (Round 2)
3.02,26.5,Jayden Daniels,QB,WAS,36,4.7,14,32,12,26.5,,,,,,,,,,,,,,26.5,,,,Elite QB. Round ~3. Bye 12. Near your pick #27. Pick 7: Prefer elite WR; pivot to Gibbs/Bijan/Barkley if WR tier gone. Pick 14: Balance build—secure RB if WR-heavy room; consider Bowers/McBride if tiers flatten. Picks 27/34: Prioritize WR2/3 or RB2; consider Allen/Hurts/Lamar only if they fall. Picks 47+: Prioritize upside (rookies/sophomores).,,,,,,,,,,,,Tier 3 (Round 3)
3.03,27.2,Tee Higgins,WR,CIN,25,2.3,22,31,10,27.2,,,,,,,,,,,,,,27.2,,,,WR2/Flex. Round ~3. Bye 10. Near your pick #27. Full-PPR: reception volume boosts value. Pick 7: Prefer elite WR; pivot to Gibbs/Bijan/Barkley if WR tier gone. Pick 14: Balance build—secure RB if WR-heavy room; consider Bowers/McBride if tiers flatten. Picks 27/34: Prioritize WR2/3 or RB2; consider Allen/Hurts/Lamar only if they fall. Picks 47+: Prioritize upside (rookies/sophomores).,,Y,,,,,,,,,,Tier 3 (Round 3)
3.05,28.9,Omarion Hampton,RB,LAC,98,4.2,18,41,12,28.9,1.0,,,,,,,,,,,,,28.9,,,,RB2. Round ~3. Bye 12. Near your pick #27. Full-PPR: reception volume boosts value. Boone: sleeper/upside. Pick 7: Prefer elite WR; pivot to Gibbs/Bijan/Barkley if WR tier gone. Pick 14: Balance build—secure RB if WR-heavy room; consider Bowers/McBride if tiers flatten. Picks 27/34: Prioritize WR2/3 or RB2; consider Allen/Hurts/Lamar only if they fall. Picks 47+: Prioritize upside (rookies/sophomores).,Y,Y,,Y,,,,,,Boone: highlighted as sleeper/upside. Rookie RB with three-down upside; path to RB1 workload if he wins camp battle.,Boone Sleeper,Tier 3 (Round 3)
3.06,29.6,Ladd McConkey,WR,LAC,35,4.4,18,36,12,29.6,1.0,,,,,,,,,,,,,29.6,,,,WR2/Flex. Round ~3. Bye 12. Near your pick #27. Full-PPR: reception volume boosts value. Pick 7: Prefer elite WR; pivot to Gibbs/Bijan/Barkley if WR tier gone. Pick 14: Balance build—secure RB if WR-heavy room; consider Bowers/McBride if tiers flatten. Picks 27/34: Prioritize WR2/3 or RB2; consider Allen/Hurts/Lamar only if they fall. Picks 47+: Prioritize upside (rookies/sophomores).,Y,Y,,Y,,,,,,,,Tier 3 (Round 3)
3.06,30.1,Mike Evans,WR,TB,20,2.6,23,35,9,30.1,,,,,,,,,,,,,,30.1,,,,WR2/Flex. Round ~3. Bye 9. Near your pick #27. Full-PPR: reception volume boosts value. Pick 7: Prefer elite WR; pivot to Gibbs/Bijan/Barkley if WR tier gone. Pick 14: Balance build—secure RB if WR-heavy room; consider Bowers/McBride if tiers flatten. Picks 27/34: Prioritize WR2/3 or RB2; consider Allen/Hurts/Lamar only if they fall. Picks 47+: Prioritize upside (rookies/sophomores).,,Y,,,,,,,,,,Tier 3 (Round 3)
3.09,32.6,Davante Adams,WR,LAR,16,2.3,30,37,8,32.6,,,,,,,,,,,,,,32.6,,,,WR2/Flex. Round ~4. Bye 8. Near your pick #34. Full-PPR: reception volume boosts value. Pick 7: Prefer elite WR; pivot to Gibbs/Bijan/Barkley if WR tier gone. Pick 14: Balance build—secure RB if WR-heavy room; consider Bowers/McBride if tiers flatten. Picks 27/34: Prioritize WR2/3 or RB2; consider Allen/Hurts/Lamar only if they fall. Picks 47+: Prioritize upside (rookies/sophomores).,,Y,,,,,,,,,,Tier 3 (Round 3)
3.09,33.0,Chuba Hubbard,RB,CAR,40,3.7,23,40,14,33.0,,,,,,,,,,,,,,33.0,,,,RB2. Round ~4. Bye 14. Near your pick #34. Full-PPR: reception volume boosts value. Pick 7: Prefer elite WR; pivot to Gibbs/Bijan/Barkley if WR tier gone. Pick 14: Balance build—secure RB if WR-heavy room; consider Bowers/McBride if tiers flatten. Picks 27/34: Prioritize WR2/3 or RB2; consider Allen/Hurts/Lamar only if they fall. Picks 47+: Prioritize upside (rookies/sophomores).,,Y,,,,,,,,,,Tier 3 (Round 3)
3.1,33.5,Jalen Hurts,QB,PHI,67,4.6,21,46,9,33.5,,,,,,,,,,,,,,33.5,,,,Elite QB. Round ~4. Bye 9. Near your pick #34. Pick 7: Prefer elite WR; pivot to Gibbs/Bijan/Barkley if WR tier gone. Pick 14: Balance build—secure RB if WR-heavy room; consider Bowers/McBride if tiers flatten. Picks 27/34: Prioritize WR2/3 or RB2; consider Allen/Hurts/Lamar only if they fall. Picks 47+: Prioritize upside (rookies/sophomores).,,,,,,,,,,,,Tier 3 (Round 3)
3.1,34.0,Tyreek Hill,WR,MIA,38,3.3,27,40,12,34.0,,,,,,,,,,,,,,34.0,,,,WR2/Flex. Round ~4. Bye 12. Near your pick #34. Full-PPR: reception volume boosts value. Pick 7: Prefer elite WR; pivot to Gibbs/Bijan/Barkley if WR tier gone. Pick 14: Balance build—secure RB if WR-heavy room; consider Bowers/McBride if tiers flatten. Picks 27/34: Prioritize WR2/3 or RB2; consider Allen/Hurts/Lamar only if they fall. Picks 47+: Prioritize upside (rookies/sophomores).,,Y,,,,,,,,,,Tier 3 (Round 3)
3.11,35.0,James Conner,RB,ARI,26,2.7,29,40,8,35.0,,,,,,,,,,,,,,35.0,,,,RB2. Round ~4. Bye 8. Near your pick #34. Full-PPR: reception volume boosts value. Pick 7: Prefer elite WR; pivot to Gibbs/Bijan/Barkley if WR tier gone. Pick 14: Balance build—secure RB if WR-heavy room; consider Bowers/McBride if tiers flatten. Picks 27/34: Prioritize WR2/3 or RB2; consider Allen/Hurts/Lamar only if they fall. Picks 47+: Prioritize upside (rookies/sophomores).,,Y,,,,,,,,,,Tier 3 (Round 3)
3.12,35.8,Kenneth Walker III,RB,SEA,105,4.9,23,46,8,35.8,,,,,,,,,,,,,,35.8,,,,RB2. Round ~4. Bye 8. Near your pick #34. Full-PPR: reception volume boosts value. Pick 7: Prefer elite WR; pivot to Gibbs/Bijan/Barkley if WR tier gone. Pick 14: Balance build—secure RB if WR-heavy room; consider Bowers/McBride if tiers flatten. Picks 27/34: Prioritize WR2/3 or RB2; consider Allen/Hurts/Lamar only if they fall. Picks 47+: Prioritize upside (rookies/sophomores).,,Y,,,,,,,,,,Tier 3 (Round 3)
3.12,36.5,DK Metcalf,WR,PIT,26,3.3,31,45,5,36.5,,,,,,,,,,,,,,36.5,,,,WR2/Flex. Round ~4. Bye 5. Near your pick #34. Full-PPR: reception volume boosts value. Pick 7: Prefer elite WR; pivot to Gibbs/Bijan/Barkley if WR tier gone. Pick 14: Balance build—secure RB if WR-heavy room; consider Bowers/McBride if tiers flatten. Picks 27/34: Prioritize WR2/3 or RB2; consider Allen/Hurts/Lamar only if they fall. Picks 47+: Prioritize upside (rookies/sophomores).,,Y,,,,,,,,,,Tier 4 (Rounds 4-5)
4.02,38.0,Marvin Harrison Jr.,WR,ARI,27,3.9,32,47,8,38.0,1.0,,,,,,,,,,,,,38.0,,,,WR2/Flex. Round ~4. Bye 8. Full-PPR: reception volume boosts value. Pick 7: Prefer elite WR; pivot to Gibbs/Bijan/Barkley if WR tier gone. Pick 14: Balance build—secure RB if WR-heavy room; consider Bowers/McBride if tiers flatten. Picks 27/34: Prioritize WR2/3 or RB2; consider Allen/Hurts/Lamar only if they fall. Picks 47+: Prioritize upside (rookies/sophomores).,Y,Y,,Y,,,,,,,,Tier 4 (Rounds 4-5)
4.02,38.2,Alvin Kamara,RB,NO,27,5.2,25,46,11,38.2,,,,,,,,,,,,,,38.2,,,,RB2. Round ~4. Bye 11. Pick 7: Prefer elite WR; pivot to Gibbs/Bijan/Barkley if WR tier gone. Pick 14: Balance build—secure RB if WR-heavy room; consider Bowers/McBride if tiers flatten. Picks 27/34: Prioritize WR2/3 or RB2; consider Allen/Hurts/Lamar only if they fall. Picks 47+: Prioritize upside (rookies/sophomores).,,Y,,,,,,,,,,Tier 4 (Rounds 4-5)
4.03,38.8,Terry McLaurin,WR,WAS,59,4.3,27,45,12,38.8,,,,,,,,,,,,,,38.8,,,,WR2/Flex. Round ~4. Bye 12. Full-PPR: reception volume boosts value. Pick 7: Prefer elite WR; pivot to Gibbs/Bijan/Barkley if WR tier gone. Pick 14: Balance build—secure RB if WR-heavy room; consider Bowers/McBride if tiers flatten. Picks 27/34: Prioritize WR2/3 or RB2; consider Allen/Hurts/Lamar only if they fall. Picks 47+: Prioritize upside (rookies/sophomores).,,Y,,,,,,,,,,Tier 4 (Rounds 4-5)
4.06,41.9,Xavier Worthy,WR,KC,20,4.4,34,51,10,41.9,1.0,,,,,,,,,,,,,41.9,,,,WR2/Flex. Round ~5. Bye 10. Full-PPR: reception volume boosts value. Pick 7: Prefer elite WR; pivot to Gibbs/Bijan/Barkley if WR tier gone. Pick 14: Balance build—secure RB if WR-heavy room; consider Bowers/McBride if tiers flatten. Picks 27/34: Prioritize WR2/3 or RB2; consider Allen/Hurts/Lamar only if they fall. Picks 47+: Prioritize upside (rookies/sophomores).,Y,Y,,Y,,,,,,,,Tier 4 (Rounds 4-5)
4.06,42.3,Jaxon Smith-Njigba,WR,SEA,39,4.5,30,53,8,42.3,,,,,,,,,,,,,,42.3,,,,WR2/Flex. Round ~5. Bye 8. Full-PPR: reception volume boosts value. Pick 7: Prefer elite WR; pivot to Gibbs/Bijan/Barkley if WR tier gone. Pick 14: Balance build—secure RB if WR-heavy room; consider Bowers/McBride if tiers flatten. Picks 27/34: Prioritize WR2/3 or RB2; consider Allen/Hurts/Lamar only if they fall. Picks 47+: Prioritize upside (rookies/sophomores).,,Y,,,,,,,,,,Tier 4 (Rounds 4-5)
4.07,42.9,Courtland Sutton,WR,DEN,48,4.5,31,53,12,42.9,,,,,,,,,,,,,,42.9,,,,WR2/Flex. Round ~5. Bye 12. Full-PPR: reception volume boosts value. Pick 7: Prefer elite WR; pivot to Gibbs/Bijan/Barkley if WR tier gone. Pick 14: Balance build—secure RB if WR-heavy room; consider Bowers/McBride if tiers flatten. Picks 27/34: Prioritize WR2/3 or RB2; consider Allen/Hurts/Lamar only if they fall. Picks 47+: Prioritize upside (rookies/sophomores).,,Y,,,,,,,,,,Tier 4 (Rounds 4-5)
4.07,43.2,Breece Hall,RB,NYJ,41,4.4,32,53,9,43.2,,,,,,,,,,,,,,43.2,,,,RB2. Round ~5. Bye 9. Pick 7: Prefer elite WR; pivot to Gibbs/Bijan/Barkley if WR tier gone. Pick 14: Balance build—secure RB if WR-heavy room; consider Bowers/McBride if tiers flatten. Picks 27/34: Prioritize WR2/3 or RB2; consider Allen/Hurts/Lamar only if they fall. Picks 47+: Prioritize upside (rookies/sophomores).,,Y,,,,,,,,,,Tier 4 (Rounds 4-5)
4.09,45.3,TreVeyon Henderson,RB,NE,136,5.4,31,59,14,45.3,1.0,,,,,,,,,,,,,45.3,,,,RB2. Round ~5. Bye 14. Near your pick #47. Boone: sleeper/upside. Pick 7: Prefer elite WR; pivot to Gibbs/Bijan/Barkley if WR tier gone. Pick 14: Balance build—secure RB if WR-heavy room; consider Bowers/McBride if tiers flatten. Picks 27/34: Prioritize WR2/3 or RB2; consider Allen/Hurts/Lamar only if they fall. Picks 47+: Prioritize upside (rookies/sophomores).,Y,Y,,Y,,,,,,Boone: highlighted as sleeper/upside. Rookie RB with burst; could lead committee early with chance to run away with job.,Boone Sleeper,Tier 4 (Rounds 4-5)
4.11,47.1,Jameson Williams,WR,DET,29,5.8,38,63,8,47.1,,,,,,,,,,,,,,47.1,,,,WR2/Flex. Round ~5. Bye 8. Near your pick #47. Full-PPR: reception volume boosts value. Pick 7: Prefer elite WR; pivot to Gibbs/Bijan/Barkley if WR tier gone. Pick 14: Balance build—secure RB if WR-heavy room; consider Bowers/McBride if tiers flatten. Picks 27/34: Prioritize WR2/3 or RB2; consider Allen/Hurts/Lamar only if they fall. Picks 47+: Prioritize upside (rookies/sophomores).,,Y,,,,,,,,,,Tier 4 (Rounds 4-5)
4.11,47.4,Patrick Mahomes,QB,KC,21,8.8,24,60,10,47.4,,,,,,,,,,,,,,47.4,,,,QB1/2 target. Round ~5. Bye 10. Near your pick #47. Pick 7: Prefer elite WR; pivot to Gibbs/Bijan/Barkley if WR tier gone. Pick 14: Balance build—secure RB if WR-heavy room; consider Bowers/McBride if tiers flatten. Picks 27/34: Prioritize WR2/3 or RB2; consider Allen/Hurts/Lamar only if they fall. Picks 47+: Prioritize upside (rookies/sophomores).,,,,,,,,,,,,Tier 4 (Rounds 4-5)
4.11,47.5,Brock Bowers,TE,LV,119,10.5,20,64,8,47.5,1.0,,,,,,,,,,,,,47.5,,,,TE1/2 with upside. Round ~5. Bye 8. Near your pick #47. Full-PPR: reception volume boosts value. Pick 7: Prefer elite WR; pivot to Gibbs/Bijan/Barkley if WR tier gone. Pick 14: Balance build—secure RB if WR-heavy room; consider Bowers/McBride if tiers flatten. Picks 27/34: Prioritize WR2/3 or RB2; consider Allen/Hurts/Lamar only if they fall. Picks 47+: Prioritize upside (rookies/sophomores).,Y,Y,,Y,,,,,,,,Tier 4 (Rounds 4-5)
4.12,48.2,George Kittle,TE,SF,63,9.5,23,65,14,48.2,,,,,,,,,,,,,,48.2,,,,TE1/2 with upside. Round ~5. Bye 14. Near your pick #47. Full-PPR: reception volume boosts value. Pick 7: Prefer elite WR; pivot to Gibbs/Bijan/Barkley if WR tier gone. Pick 14: Balance build—secure RB if WR-heavy room; consider Bowers/McBride if tiers flatten. Picks 27/34: Prioritize WR2/3 or RB2; consider Allen/Hurts/Lamar only if they fall. Picks 47+: Prioritize upside (rookies/sophomores).,,Y,,,,,,,,,,Tier 4 (Rounds 4-5)
5.01,48.8,Garrett Wilson,WR,NYJ,25,4.2,41,58,9,48.8,,,,,,,,,,,,,,48.8,,,,WR2/Flex. Round ~5. Bye 9. Near your pick #47. Full-PPR: reception volume boosts value. Pick 7: Prefer elite WR; pivot to Gibbs/Bijan/Barkley if WR tier gone. Pick 14: Balance build—secure RB if WR-heavy room; consider Bowers/McBride if tiers flatten. Picks 27/34: Prioritize WR2/3 or RB2; consider Allen/Hurts/Lamar only if they fall. Picks 47+: Prioritize upside (rookies/sophomores).,,Y,Y,,,,,,,,,Tier 4 (Rounds 4-5)
5.01,49.3,DJ Moore,WR,CHI,15,3.7,42,56,5,49.3,,,,,,,,,,,,,,49.3,,,,WR2/Flex. Round ~5. Bye 5. Near your pick #47. Full-PPR: reception volume boosts value. Pick 7: Prefer elite WR; pivot to Gibbs/Bijan/Barkley if WR tier gone. Pick 14: Balance build—secure RB if WR-heavy room; consider Bowers/McBride if tiers flatten. Picks 27/34: Prioritize WR2/3 or RB2; consider Allen/Hurts/Lamar only if they fall. Picks 47+: Prioritize upside (rookies/sophomores).,,Y,,,,,,,,,,Tier 4 (Rounds 4-5)
5.02,49.7,David Montgomery,RB,DET,31,8.7,26,60,8,49.7,,,,,,,,,,,,,,49.7,,,,RB2. Round ~5. Bye 8. Near your pick #47. Pick 7: Prefer elite WR; pivot to Gibbs/Bijan/Barkley if WR tier gone. Pick 14: Balance build—secure RB if WR-heavy room; consider Bowers/McBride if tiers flatten. Picks 27/34: Prioritize WR2/3 or RB2; consider Allen/Hurts/Lamar only if they fall. Picks 47+: Prioritize upside (rookies/sophomores).,,Y,,,,,,,,,,Tier 4 (Rounds 4-5)
5.02,50.5,Trey McBride,TE,ARI,46,14.1,13,70,8,50.5,,,,,,,,,,,,,,50.5,,,,TE1/2 with upside. Round ~5. Bye 8. Near your pick #47. Full-PPR: reception volume boosts value. Pick 7: Prefer elite WR; pivot to Gibbs/Bijan/Barkley if WR tier gone. Pick 14: Balance build—secure RB if WR-heavy room; consider Bowers/McBride if tiers flatten. Picks 27/34: Prioritize WR2/3 or RB2; consider Allen/Hurts/Lamar only if they fall. Picks 47+: Prioritize upside (rookies/sophomores).,,Y,Y,,,,,,,,,Tier 4 (Rounds 4-5)
5.03,50.8,DeVonta Smith,WR,PHI,17,4.6,44,59,9,50.8,,,,,,,,,,,,,,50.8,,,,WR2/Flex. Round ~5. Bye 9. Near your pick #47. Full-PPR: reception volume boosts value. Pick 7: Prefer elite WR; pivot to Gibbs/Bijan/Barkley if WR tier gone. Pick 14: Balance build—secure RB if WR-heavy room; consider Bowers/McBride if tiers flatten. Picks 27/34: Prioritize WR2/3 or RB2; consider Allen/Hurts/Lamar only if they fall. Picks 47+: Prioritize upside (rookies/sophomores).,,Y,Y,,,,,,,,,Tier 4 (Rounds 4-5)
5.03,51.1,Baker Mayfield,QB,TB,17,4.7,41,57,9,51.1,,,,,,,,,,,,,,51.1,,,,QB1/2 target. Round ~6. Bye 9. Near your pick #54. Pick 7: Prefer elite WR; pivot to Gibbs/Bijan/Barkley if WR tier gone. Pick 14: Balance build—secure RB if WR-heavy room; consider Bowers/McBride if tiers flatten. Picks 27/34: Prioritize WR2/3 or RB2; consider Allen/Hurts/Lamar only if they fall. Picks 47+: Prioritize upside (rookies/sophomores).,,,,,,,,,,,,Tier 4 (Rounds 4-5)
5.06,53.8,Calvin Ridley,WR,TEN,41,6.6,38,70,10,53.8,,,,,,,,,,,,,,53.8,,,,WR2/Flex. Round ~6. Bye 10. Near your pick #54. Full-PPR: reception volume boosts value. Pick 7: Prefer elite WR; pivot to Gibbs/Bijan/Barkley if WR tier gone. Pick 14: Balance build—secure RB if WR-heavy room; consider Bowers/McBride if tiers flatten. Picks 27/34: Prioritize WR2/3 or RB2; consider Allen/Hurts/Lamar only if they fall. Picks 47+: Prioritize upside (rookies/sophomores).,,Y,,,,,,,,,,Tier 4 (Rounds 4-5)
5.06,54.2,Tony Pollard,RB,TEN,71,7.9,37,67,10,54.2,,,,,,,,,,,,,,54.2,,,,RB2. Round ~6. Bye 10. Near your pick #54. Pick 7: Prefer elite WR; pivot to Gibbs/Bijan/Barkley if WR tier gone. Pick 14: Balance build—secure RB if WR-heavy room; consider Bowers/McBride if tiers flatten. Picks 27/34: Prioritize WR2/3 or RB2; consider Allen/Hurts/Lamar only if they fall. Picks 47+: Prioritize upside (rookies/sophomores).,,Y,,,,,,,,,,Tier 4 (Rounds 4-5)
5.07,55.4,D'Andre Swift,RB,CHI,66,6.9,37,67,5,55.4,,,,,,,,,,,,,,55.4,,,,RB2. Round ~6. Bye 5. Near your pick #54. Pick 7: Prefer elite WR; pivot to Gibbs/Bijan/Barkley if WR tier gone. Pick 14: Balance build—secure RB if WR-heavy room; consider Bowers/McBride if tiers flatten. Picks 27/34: Prioritize WR2/3 or RB2; consider Allen/Hurts/Lamar only if they fall. Picks 47+: Prioritize upside (rookies/sophomores).,,Y,,,,,,,,,,Tier 4 (Rounds 4-5)
5.08,56.0,Tetairoa McMillan,WR,CAR,42,6.3,39,71,14,56.0,1.0,,,,,,,,,,,,,56.0,,,,WR2/Flex. Round ~6. Bye 14. Near your pick #54. Full-PPR: reception volume boosts value. Pick 7: Prefer elite WR; pivot to Gibbs/Bijan/Barkley if WR tier gone. Pick 14: Balance build—secure RB if WR-heavy room; consider Bowers/McBride if tiers flatten. Picks 27/34: Prioritize WR2/3 or RB2; consider Allen/Hurts/Lamar only if they fall. Picks 47+: Prioritize upside (rookies/sophomores).,Y,Y,,Y,,,,,,,,Tier 4 (Rounds 4-5)
5.1,58.2,George Pickens,WR,DAL,61,7.2,39,72,10,58.2,,,,,,,,,,,,,,58.2,,,,WR2/Flex. Round ~6. Bye 10. Full-PPR: reception volume boosts value. Pick 7: Prefer elite WR; pivot to Gibbs/Bijan/Barkley if WR tier gone. Pick 14: Balance build—secure RB if WR-heavy room; consider Bowers/McBride if tiers flatten. Picks 27/34: Prioritize WR2/3 or RB2; consider Allen/Hurts/Lamar only if they fall. Picks 47+: Prioritize upside (rookies/sophomores).,,Y,,,,,,,,,,Tier 4 (Rounds 4-5)
5.1,58.4,Zay Flowers,WR,BAL,19,6.4,49,71,7,58.4,,,,,,,,,,,,,,58.4,,,,WR2/Flex. Round ~6. Bye 7. Full-PPR: reception volume boosts value. Pick 7: Prefer elite WR; pivot to Gibbs/Bijan/Barkley if WR tier gone. Pick 14: Balance build—secure RB if WR-heavy room; consider Bowers/McBride if tiers flatten. Picks 27/34: Prioritize WR2/3 or RB2; consider Allen/Hurts/Lamar only if they fall. Picks 47+: Prioritize upside (rookies/sophomores).,,Y,,,,,,,,,,Tier 4 (Rounds 4-5)
5.11,58.6,RJ Harvey,RB,DEN,64,6.4,41,70,12,58.6,1.0,,,,,,,,,,,,,58.6,,,,RB2. Round ~6. Bye 12. Pick 7: Prefer elite WR; pivot to Gibbs/Bijan/Barkley if WR tier gone. Pick 14: Balance build—secure RB if WR-heavy room; consider Bowers/McBride if tiers flatten. Picks 27/34: Prioritize WR2/3 or RB2; consider Allen/Hurts/Lamar only if they fall. Picks 47+: Prioritize upside (rookies/sophomores).,Y,Y,,Y,,,,,,,,Tier 4 (Rounds 4-5)
6.01,61.4,Isiah Pacheco,RB,KC,84,7.7,41,73,10,61.4,,,,,,,,,,,,,,61.4,,,,RB2/Flex (committee risk). Round ~7. Bye 10. Pick 7: Prefer elite WR; pivot to Gibbs/Bijan/Barkley if WR tier gone. Pick 14: Balance build—secure RB if WR-heavy room; consider Bowers/McBride if tiers flatten. Picks 27/34: Prioritize WR2/3 or RB2; consider Allen/Hurts/Lamar only if they fall. Picks 47+: Prioritize upside (rookies/sophomores).,,Y,,,,,,,,,,Tier 5 (Rounds 6-7)
6.05,64.9,Jerry Jeudy,WR,CLE,16,5.5,52,75,9,64.9,,,,,,,,,,,,,,64.9,,,,WR3/Flex. Round ~7. Bye 9. Near your pick #67. Full-PPR: reception volume boosts value. Pick 7: Prefer elite WR; pivot to Gibbs/Bijan/Barkley if WR tier gone. Pick 14: Balance build—secure RB if WR-heavy room; consider Bowers/McBride if tiers flatten. Picks 27/34: Prioritize WR2/3 or RB2; consider Allen/Hurts/Lamar only if they fall. Picks 47+: Prioritize upside (rookies/sophomores).,,Y,,,,,,,,,,Tier 5 (Rounds 6-7)
6.05,65.2,Deebo Samuel Sr.,WR,WAS,27,5.3,53,75,12,65.2,,,,,,,,,,,,,,65.2,,,,WR3/Flex. Round ~7. Bye 12. Near your pick #67. Full-PPR: reception volume boosts value. Pick 7: Prefer elite WR; pivot to Gibbs/Bijan/Barkley if WR tier gone. Pick 14: Balance build—secure RB if WR-heavy room; consider Bowers/McBride if tiers flatten. Picks 27/34: Prioritize WR2/3 or RB2; consider Allen/Hurts/Lamar only if they fall. Picks 47+: Prioritize upside (rookies/sophomores).,,Y,,,,,,,,,,Tier 5 (Rounds 6-7)
6.06,66.4,Kaleb Johnson,RB,PIT,14,6.1,54,77,5,66.4,1.0,,,,,,,,,,,,,66.4,,,,RB2/Flex (committee risk). Round ~7. Bye 5. Near your pick #67. Pick 7: Prefer elite WR; pivot to Gibbs/Bijan/Barkley if WR tier gone. Pick 14: Balance build—secure RB if WR-heavy room; consider Bowers/McBride if tiers flatten. Picks 27/34: Prioritize WR2/3 or RB2; consider Allen/Hurts/Lamar only if they fall. Picks 47+: Prioritize upside (rookies/sophomores).,Y,Y,,Y,,,,,,,,Tier 5 (Rounds 6-7)
6.07,66.5,Aaron Jones Sr.,RB,MIN,26,4.1,56,73,6,66.5,,,,,,,,,,,,,,66.5,,,,RB2/Flex (committee risk). Round ~7. Bye 6. Near your pick #67. Pick 7: Prefer elite WR; pivot to Gibbs/Bijan/Barkley if WR tier gone. Pick 14: Balance build—secure RB if WR-heavy room; consider Bowers/McBride if tiers flatten. Picks 27/34: Prioritize WR2/3 or RB2; consider Allen/Hurts/Lamar only if they fall. Picks 47+: Prioritize upside (rookies/sophomores).,,Y,,,,,,,,,,Tier 5 (Rounds 6-7)
6.08,68.1,Sam LaPorta,TE,DET,24,5.2,56,74,8,68.1,,,,,,,,,,,,,,68.1,,,,TE1/2 with upside. Round ~7. Bye 8. Near your pick #67. Full-PPR: reception volume boosts value. Pick 7: Prefer elite WR; pivot to Gibbs/Bijan/Barkley if WR tier gone. Pick 14: Balance build—secure RB if WR-heavy room; consider Bowers/McBride if tiers flatten. Picks 27/34: Prioritize WR2/3 or RB2; consider Allen/Hurts/Lamar only if they fall. Picks 47+: Prioritize upside (rookies/sophomores).,,Y,Y,,,,,,,,,Tier 5 (Rounds 6-7)
6.08,68.2,Ricky Pearsall,WR,SF,105,7.3,49,83,14,68.2,,,,,,,,,,,,,,68.2,,,,WR3/Flex. Round ~7. Bye 14. Near your pick #67. Full-PPR: reception volume boosts value. Pick 7: Prefer elite WR; pivot to Gibbs/Bijan/Barkley if WR tier gone. Pick 14: Balance build—secure RB if WR-heavy room; consider Bowers/McBride if tiers flatten. Picks 27/34: Prioritize WR2/3 or RB2; consider Allen/Hurts/Lamar only if they fall. Picks 47+: Prioritize upside (rookies/sophomores).,,Y,,,,,,,,,,Tier 5 (Rounds 6-7)
6.09,68.8,Matthew Golden,WR,GB,61,5.9,56,82,5,68.8,1.0,,,,,,,,,,,,,68.8,,,,WR3/Flex. Round ~7. Bye 5. Near your pick #67. Full-PPR: reception volume boosts value. Pick 7: Prefer elite WR; pivot to Gibbs/Bijan/Barkley if WR tier gone. Pick 14: Balance build—secure RB if WR-heavy room; consider Bowers/McBride if tiers flatten. Picks 27/34: Prioritize WR2/3 or RB2; consider Allen/Hurts/Lamar only if they fall. Picks 47+: Prioritize upside (rookies/sophomores).,Y,Y,,Y,,,,,,,,Tier 5 (Rounds 6-7)
6.09,69.4,Bo Nix,QB,DEN,63,10.0,47,89,12,69.4,,,,,,,,,,,,,,69.4,,,,QB1/2 target. Round ~7. Bye 12. Near your pick #67. Pick 7: Prefer elite WR; pivot to Gibbs/Bijan/Barkley if WR tier gone. Pick 14: Balance build—secure RB if WR-heavy room; consider Bowers/McBride if tiers flatten. Picks 27/34: Prioritize WR2/3 or RB2; consider Allen/Hurts/Lamar only if they fall. Picks 47+: Prioritize upside (rookies/sophomores).,,,,,,,,,,,,Tier 5 (Rounds 6-7)
6.1,69.6,Tyrone Tracy Jr.,RB,NYG,13,2.5,66,73,14,69.6,,,,,,,,,,,,,,69.6,,,,RB2/Flex (committee risk). Round ~7. Bye 14. Near your pick #67. Pick 7: Prefer elite WR; pivot to Gibbs/Bijan/Barkley if WR tier gone. Pick 14: Balance build—secure RB if WR-heavy room; consider Bowers/McBride if tiers flatten. Picks 27/34: Prioritize WR2/3 or RB2; consider Allen/Hurts/Lamar only if they fall. Picks 47+: Prioritize upside (rookies/sophomores).,,Y,,,,,,,,,,Tier 5 (Rounds 6-7)
6.11,70.8,Jaylen Waddle,WR,MIA,36,6.8,56,82,12,70.8,,,,,,,,,,,,,,70.8,,,,WR3/Flex. Round ~7. Bye 12. Near your pick #67. Full-PPR: reception volume boosts value. Pick 7: Prefer elite WR; pivot to Gibbs/Bijan/Barkley if WR tier gone. Pick 14: Balance build—secure RB if WR-heavy room; consider Bowers/McBride if tiers flatten. Picks 27/34: Prioritize WR2/3 or RB2; consider Allen/Hurts/Lamar only if they fall. Picks 47+: Prioritize upside (rookies/sophomores).,,Y,,,,,,,,,,Tier 5 (Rounds 6-7)
7.01,73.2,Brock Purdy,QB,SF,12,7.4,61,83,14,73.2,,,,,,,,,,,,,,73.2,,,,QB1/2 target. Round ~8. Bye 14. Near your pick #74. Pick 7: Prefer elite WR; pivot to Gibbs/Bijan/Barkley if WR tier gone. Pick 14: Balance build—secure RB if WR-heavy room; consider Bowers/McBride if tiers flatten. Picks 27/34: Prioritize WR2/3 or RB2; consider Allen/Hurts/Lamar only if they fall. Picks 47+: Prioritize upside (rookies/sophomores).,,,,,,,,,,,,Tier 5 (Rounds 6-7)
7.01,73.3,Travis Hunter,WR,JAX,32,7.2,60,86,8,73.3,1.0,,,,,,,,,,,,,73.3,,,,WR3/Flex. Round ~8. Bye 8. Near your pick #74. Full-PPR: reception volume boosts value. Pick 7: Prefer elite WR; pivot to Gibbs/Bijan/Barkley if WR tier gone. Pick 14: Balance build—secure RB if WR-heavy room; consider Bowers/McBride if tiers flatten. Picks 27/34: Prioritize WR2/3 or RB2; consider Allen/Hurts/Lamar only if they fall. Picks 47+: Prioritize upside (rookies/sophomores).,Y,Y,,Y,,,,,,,,Tier 5 (Rounds 6-7)
7.02,73.7,Mark Andrews,TE,BAL,13,10.0,55,86,7,73.7,,,,,,,,,,,,,,73.7,,,,TE1/2 with upside. Round ~8. Bye 7. Near your pick #74. Full-PPR: reception volume boosts value. Pick 7: Prefer elite WR; pivot to Gibbs/Bijan/Barkley if WR tier gone. Pick 14: Balance build—secure RB if WR-heavy room; consider Bowers/McBride if tiers flatten. Picks 27/34: Prioritize WR2/3 or RB2; consider Allen/Hurts/Lamar only if they fall. Picks 47+: Prioritize upside (rookies/sophomores).,,Y,,,,,,,,,,Tier 5 (Rounds 6-7)
7.04,75.9,Chris Olave,WR,NO,31,7.5,58,94,11,75.9,,,,,,,,,,,,,,75.9,,,,WR3/Flex. Round ~8. Bye 11. Near your pick #74. Full-PPR: reception volume boosts value. Pick 7: Prefer elite WR; pivot to Gibbs/Bijan/Barkley if WR tier gone. Pick 14: Balance build—secure RB if WR-heavy room; consider Bowers/McBride if tiers flatten. Picks 27/34: Prioritize WR2/3 or RB2; consider Allen/Hurts/Lamar only if they fall. Picks 47+: Prioritize upside (rookies/sophomores).,,Y,Y,,,,,,,,,Tier 5 (Rounds 6-7)
7.05,77.2,Rome Odunze,WR,CHI,39,7.4,58,88,5,77.2,,,,,,,,,,,,,,77.2,,,,WR3/Flex. Round ~8. Bye 5. Near your pick #74. Full-PPR: reception volume boosts value. Pick 7: Prefer elite WR; pivot to Gibbs/Bijan/Barkley if WR tier gone. Pick 14: Balance build—secure RB if WR-heavy room; consider Bowers/McBride if tiers flatten. Picks 27/34: Prioritize WR2/3 or RB2; consider Allen/Hurts/Lamar only if they fall. Picks 47+: Prioritize upside (rookies/sophomores).,,Y,,,,,,,,,,Tier 5 (Rounds 6-7)
7.05,77.5,Jaylen Warren,RB,PIT,22,7.0,62,93,5,77.5,,,,,,,,,,,,,,77.5,,,,RB2/Flex (committee risk). Round ~8. Bye 5. Near your pick #74. Pick 7: Prefer elite WR; pivot to Gibbs/Bijan/Barkley if WR tier gone. Pick 14: Balance build—secure RB if WR-heavy room; consider Bowers/McBride if tiers flatten. Picks 27/34: Prioritize WR2/3 or RB2; consider Allen/Hurts/Lamar only if they fall. Picks 47+: Prioritize upside (rookies/sophomores).,,Y,,,,,,,,,,Tier 5 (Rounds 6-7)
7.07,79.0,Jayden Reed,WR,GB,11,10.7,65,97,5,79.0,,,,,,,,,,,,,,79.0,,,,WR3/Flex. Round ~8. Bye 5. Full-PPR: reception volume boosts value. Pick 7: Prefer elite WR; pivot to Gibbs/Bijan/Barkley if WR tier gone. Pick 14: Balance build—secure RB if WR-heavy room; consider Bowers/McBride if tiers flatten. Picks 27/34: Prioritize WR2/3 or RB2; consider Allen/Hurts/Lamar only if they fall. Picks 47+: Prioritize upside (rookies/sophomores).,,Y,,,,,,,,,,Tier 5 (Rounds 6-7)
7.07,79.0,Jordan Mason,RB,MIN,39,8.3,59,101,6,79.0,,,,,,,,,,,,,,79.0,,,,RB2/Flex (committee risk). Round ~8. Bye 6. Boone: sleeper/upside. Pick 7: Prefer elite WR; pivot to Gibbs/Bijan/Barkley if WR tier gone. Pick 14: Balance build—secure RB if WR-heavy room; consider Bowers/McBride if tiers flatten. Picks 27/34: Prioritize WR2/3 or RB2; consider Allen/Hurts/Lamar only if they fall. Picks 47+: Prioritize upside (rookies/sophomores).,,Y,,,,,,,,Boone: highlighted as sleeper/upside. Contingent value turned standalone; inside track to lead-early carries in MIN.,Boone Sleeper,Tier 5 (Rounds 6-7)
7.09,81.4,Travis Kelce,TE,KC,18,9.4,60,93,10,81.4,,,,,,,,,,,,,,81.4,,,,TE1/2 with upside. Round ~9. Bye 10. Full-PPR: reception volume boosts value. Pick 7: Prefer elite WR; pivot to Gibbs/Bijan/Barkley if WR tier gone. Pick 14: Balance build—secure RB if WR-heavy room; consider Bowers/McBride if tiers flatten. Picks 27/34: Prioritize WR2/3 or RB2; consider Allen/Hurts/Lamar only if they fall. Picks 47+: Prioritize upside (rookies/sophomores).,,Y,,,,,,,,,,Tier 5 (Rounds 6-7)
7.1,81.8,Rashee Rice,WR,KC,45,12.2,50,105,10,81.8,,,,,,,,,,,,,,81.8,,,,WR3/Flex. Round ~9. Bye 10. Full-PPR: reception volume boosts value. Pick 7: Prefer elite WR; pivot to Gibbs/Bijan/Barkley if WR tier gone. Pick 14: Balance build—secure RB if WR-heavy room; consider Bowers/McBride if tiers flatten. Picks 27/34: Prioritize WR2/3 or RB2; consider Allen/Hurts/Lamar only if they fall. Picks 47+: Prioritize upside (rookies/sophomores).,,Y,,,,,,,,,,Tier 5 (Rounds 6-7)
7.1,81.9,Jauan Jennings,WR,SF,18,5.7,75,96,14,81.9,,,,,,,,,,,,,,81.9,,,,WR3/Flex. Round ~9. Bye 14. Full-PPR: reception volume boosts value. Pick 7: Prefer elite WR; pivot to Gibbs/Bijan/Barkley if WR tier gone. Pick 14: Balance build—secure RB if WR-heavy room; consider Bowers/McBride if tiers flatten. Picks 27/34: Prioritize WR2/3 or RB2; consider Allen/Hurts/Lamar only if they fall. Picks 47+: Prioritize upside (rookies/sophomores).,,Y,,,,,,,,,,Tier 5 (Rounds 6-7)
7.1,82.3,T.J. Hockenson,TE,MIN,19,7.4,64,94,6,82.3,,,,,,,,,,,,,,82.3,,,,TE1/2 with upside. Round ~9. Bye 6. Full-PPR: reception volume boosts value. Pick 7: Prefer elite WR; pivot to Gibbs/Bijan/Barkley if WR tier gone. Pick 14: Balance build—secure RB if WR-heavy room; consider Bowers/McBride if tiers flatten. Picks 27/34: Prioritize WR2/3 or RB2; consider Allen/Hurts/Lamar only if they fall. Picks 47+: Prioritize upside (rookies/sophomores).,,Y,,,,,,,,,,Tier 5 (Rounds 6-7)
7.12,83.9,Emeka Egbuka,WR,TB,161,7.4,64,104,9,83.9,1.0,,,,,,,,,,,,,83.9,,,,WR3/Flex. Round ~9. Bye 9. Full-PPR: reception volume boosts value. Pick 7: Prefer elite WR; pivot to Gibbs/Bijan/Barkley if WR tier gone. Pick 14: Balance build—secure RB if WR-heavy room; consider Bowers/McBride if tiers flatten. Picks 27/34: Prioritize WR2/3 or RB2; consider Allen/Hurts/Lamar only if they fall. Picks 47+: Prioritize upside (rookies/sophomores).,Y,Y,,Y,,,,,,,,Tier 5 (Rounds 6-7)
7.12,84.0,Jakobi Meyers,WR,LV,22,4.8,71,93,8,84.0,,,,,,,,,,,,,,84.0,,,,WR3/Flex. Round ~9. Bye 8. Near your pick #87. Full-PPR: reception volume boosts value. Pick 7: Prefer elite WR; pivot to Gibbs/Bijan/Barkley if WR tier gone. Pick 14: Balance build—secure RB if WR-heavy room; consider Bowers/McBride if tiers flatten. Picks 27/34: Prioritize WR2/3 or RB2; consider Allen/Hurts/Lamar only if they fall. Picks 47+: Prioritize upside (rookies/sophomores).,,Y,,,,,,,,,,Tier 5 (Rounds 6-7)
8.01,84.8,Kyler Murray,QB,ARI,33,11.1,55,107,8,84.8,,,,,,,,,,,,,,84.8,,,,QB1/2 target. Round ~9. Bye 8. Near your pick #87. Pick 7: Prefer elite WR; pivot to Gibbs/Bijan/Barkley if WR tier gone. Pick 14: Balance build—secure RB if WR-heavy room; consider Bowers/McBride if tiers flatten. Picks 27/34: Prioritize WR2/3 or RB2; consider Allen/Hurts/Lamar only if they fall. Picks 47+: Prioritize upside (rookies/sophomores).,,,,,,,,,,,,Tier 6 (Rounds 8-9)
8.01,85.1,Keon Coleman,WR,BUF,37,7.9,67,102,7,85.1,,,,,,,,,,,,,,85.1,,,,WR3/Flex. Round ~9. Bye 7. Near your pick #87. Full-PPR: reception volume boosts value. Boone: sleeper/upside. Pick 7: Prefer elite WR; pivot to Gibbs/Bijan/Barkley if WR tier gone. Pick 14: Balance build—secure RB if WR-heavy room; consider Bowers/McBride if tiers flatten. Picks 27/34: Prioritize WR2/3 or RB2; consider Allen/Hurts/Lamar only if they fall. Picks 47+: Prioritize upside (rookies/sophomores).,,Y,,,,,,,,"Boone: highlighted as sleeper/upside. Big-bodied WR; red-zone weapon, target share could grow as season progresses.",Boone Sleeper,Tier 6 (Rounds 8-9)
8.02,86.0,J.K. Dobbins,RB,DEN,45,8.9,66,109,12,86.0,,,,,,,,,,,,,,86.0,,,,RB2/Flex (committee risk). Round ~9. Bye 12. Near your pick #87. Pick 7: Prefer elite WR; pivot to Gibbs/Bijan/Barkley if WR tier gone. Pick 14: Balance build—secure RB if WR-heavy room; consider Bowers/McBride if tiers flatten. Picks 27/34: Prioritize WR2/3 or RB2; consider Allen/Hurts/Lamar only if they fall. Picks 47+: Prioritize upside (rookies/sophomores).,,Y,,,,,,,,,,Tier 6 (Rounds 8-9)
8.03,86.7,Austin Ekeler,RB,WAS,23,10.5,68,106,12,86.7,,,,,,,,,,,,,,86.7,,,,RB2/Flex (committee risk). Round ~9. Bye 12. Near your pick #87. Pick 7: Prefer elite WR; pivot to Gibbs/Bijan/Barkley if WR tier gone. Pick 14: Balance build—secure RB if WR-heavy room; consider Bowers/McBride if tiers flatten. Picks 27/34: Prioritize WR2/3 or RB2; consider Allen/Hurts/Lamar only if they fall. Picks 47+: Prioritize upside (rookies/sophomores).,,Y,,,,,,,,,,Tier 6 (Rounds 8-9)
8.04,87.7,Dak Prescott,QB,DAL,63,13.2,53,108,10,87.7,,,,,,,,,,,,,,87.7,,,,QB1/2 target. Round ~9. Bye 10. Near your pick #87. Pick 7: Prefer elite WR; pivot to Gibbs/Bijan/Barkley if WR tier gone. Pick 14: Balance build—secure RB if WR-heavy room; consider Bowers/McBride if tiers flatten. Picks 27/34: Prioritize WR2/3 or RB2; consider Allen/Hurts/Lamar only if they fall. Picks 47+: Prioritize upside (rookies/sophomores).,,,,,,,,,,,,Tier 6 (Rounds 8-9)
8.06,89.6,Stefon Diggs,WR,NE,53,9.5,64,108,14,89.6,,,,,,,,,,,,,,89.6,,,,WR3/Flex. Round ~9. Bye 14. Near your pick #87. Full-PPR: reception volume boosts value. Pick 7: Prefer elite WR; pivot to Gibbs/Bijan/Barkley if WR tier gone. Pick 14: Balance build—secure RB if WR-heavy room; consider Bowers/McBride if tiers flatten. Picks 27/34: Prioritize WR2/3 or RB2; consider Allen/Hurts/Lamar only if they fall. Picks 47+: Prioritize upside (rookies/sophomores).,,Y,,,,,,,,,,Tier 6 (Rounds 8-9)
8.08,91.7,Jacory Croskey-Merritt,RB,WAS,92,10.6,64,114,12,91.7,,,,,,,,,,,,,,91.7,,,,RB2/Flex (committee risk). Round ~10. Bye 12. Near your pick #94. Pick 7: Prefer elite WR; pivot to Gibbs/Bijan/Barkley if WR tier gone. Pick 14: Balance build—secure RB if WR-heavy room; consider Bowers/McBride if tiers flatten. Picks 27/34: Prioritize WR2/3 or RB2; consider Allen/Hurts/Lamar only if they fall. Picks 47+: Prioritize upside (rookies/sophomores).,,Y,,,,,,,,,,Tier 6 (Rounds 8-9)
8.1,94.1,Tucker Kraft,TE,GB,13,8.4,79,117,5,94.1,,,,,,,,,,,,,,94.1,,,,TE1/2 with upside. Round ~10. Bye 5. Near your pick #94. Full-PPR: reception volume boosts value. Pick 7: Prefer elite WR; pivot to Gibbs/Bijan/Barkley if WR tier gone. Pick 14: Balance build—secure RB if WR-heavy room; consider Bowers/McBride if tiers flatten. Picks 27/34: Prioritize WR2/3 or RB2; consider Allen/Hurts/Lamar only if they fall. Picks 47+: Prioritize upside (rookies/sophomores).,,Y,,,,,,,,,,Tier 6 (Rounds 8-9)
8.12,95.7,Jordan Addison,WR,MIN,30,6.3,80,104,6,95.7,,,,,,,,,,,,,,95.7,,,,WR3/Flex. Round ~10. Bye 6. Near your pick #94. Full-PPR: reception volume boosts value. Pick 7: Prefer elite WR; pivot to Gibbs/Bijan/Barkley if WR tier gone. Pick 14: Balance build—secure RB if WR-heavy room; consider Bowers/McBride if tiers flatten. Picks 27/34: Prioritize WR2/3 or RB2; consider Allen/Hurts/Lamar only if they fall. Picks 47+: Prioritize upside (rookies/sophomores).,,Y,,,,,,,,,,Tier 6 (Rounds 8-9)
9.02,98.0,Jared Goff,QB,DET,67,13.7,62,121,8,98.0,,,,,,,,,,,,,,98.0,,,,QB1/2 target. Round ~10. Bye 8. Pick 7: Prefer elite WR; pivot to Gibbs/Bijan/Barkley if WR tier gone. Pick 14: Balance build—secure RB if WR-heavy room; consider Bowers/McBride if tiers flatten. Picks 27/34: Prioritize WR2/3 or RB2; consider Allen/Hurts/Lamar only if they fall. Picks 47+: Prioritize upside (rookies/sophomores).,,,,,,,,,,,,Tier 6 (Rounds 8-9)
9.03,98.6,Zach Charbonnet,RB,SEA,87,11.7,74,135,8,98.6,,,,,,,,,,,,,,98.6,,,,RB2/Flex (committee risk). Round ~10. Bye 8. Pick 7: Prefer elite WR; pivot to Gibbs/Bijan/Barkley if WR tier gone. Pick 14: Balance build—secure RB if WR-heavy room; consider Bowers/McBride if tiers flatten. Picks 27/34: Prioritize WR2/3 or RB2; consider Allen/Hurts/Lamar only if they fall. Picks 47+: Prioritize upside (rookies/sophomores).,,Y,,,,,,,,,,Tier 6 (Rounds 8-9)
9.05,100.8,Michael Pittman Jr.,WR,IND,20,7.7,84,115,11,100.8,,,,,,,,,,,,,,100.8,,,,WR3/Flex. Round ~10. Bye 11. Full-PPR: reception volume boosts value. Pick 7: Prefer elite WR; pivot to Gibbs/Bijan/Barkley if WR tier gone. Pick 14: Balance build—secure RB if WR-heavy room; consider Bowers/McBride if tiers flatten. Picks 27/34: Prioritize WR2/3 or RB2; consider Allen/Hurts/Lamar only if they fall. Picks 47+: Prioritize upside (rookies/sophomores).,,Y,,,,,,,,,,Tier 6 (Rounds 8-9)
9.05,100.8,Khalil Shakir,WR,BUF,18,7.6,80,110,7,100.8,,,,,,,,,,,,,,100.8,,,,WR3/Flex. Round ~10. Bye 7. Full-PPR: reception volume boosts value. Pick 7: Prefer elite WR; pivot to Gibbs/Bijan/Barkley if WR tier gone. Pick 14: Balance build—secure RB if WR-heavy room; consider Bowers/McBride if tiers flatten. Picks 27/34: Prioritize WR2/3 or RB2; consider Allen/Hurts/Lamar only if they fall. Picks 47+: Prioritize upside (rookies/sophomores).,,Y,,,,,,,,,,Tier 6 (Rounds 8-9)
9.05,101.0,Tyler Warren,TE,IND,81,15.9,61,141,11,101.0,1.0,,,,,,,,,,,,,101.0,,,,TE1/2 with upside. Round ~11. Bye 11. Full-PPR: reception volume boosts value. Pick 7: Prefer elite WR; pivot to Gibbs/Bijan/Barkley if WR tier gone. Pick 14: Balance build—secure RB if WR-heavy room; consider Bowers/McBride if tiers flatten. Picks 27/34: Prioritize WR2/3 or RB2; consider Allen/Hurts/Lamar only if they fall. Picks 47+: Prioritize upside (rookies/sophomores).,Y,Y,,Y,,,,,,,,Tier 6 (Rounds 8-9)
9.05,101.0,Caleb Williams,QB,CHI,28,10.9,75,124,5,101.0,1.0,,,,,,,,,,,,,101.0,,,,QB1/2 target. Round ~11. Bye 5. Pick 7: Prefer elite WR; pivot to Gibbs/Bijan/Barkley if WR tier gone. Pick 14: Balance build—secure RB if WR-heavy room; consider Bowers/McBride if tiers flatten. Picks 27/34: Prioritize WR2/3 or RB2; consider Allen/Hurts/Lamar only if they fall. Picks 47+: Prioritize upside (rookies/sophomores).,Y,,,Y,,,,,,,,Tier 6 (Rounds 8-9)
9.05,101.3,Cooper Kupp,WR,SEA,34,9.9,81,140,8,101.3,,,,,,,,,,,,,,101.3,,,,WR3/Flex. Round ~11. Bye 8. Full-PPR: reception volume boosts value. Pick 7: Prefer elite WR; pivot to Gibbs/Bijan/Barkley if WR tier gone. Pick 14: Balance build—secure RB if WR-heavy room; consider Bowers/McBride if tiers flatten. Picks 27/34: Prioritize WR2/3 or RB2; consider Allen/Hurts/Lamar only if they fall. Picks 47+: Prioritize upside (rookies/sophomores).,,Y,,,,,,,,,,Tier 6 (Rounds 8-9)
9.1,106.2,Christian Kirk,WR,HOU,13,20.3,53,135,6,106.2,,,,,,,,,,,,,,106.2,,,,WR3/Flex. Round ~11. Bye 6. Full-PPR: reception volume boosts value. Pick 7: Prefer elite WR; pivot to Gibbs/Bijan/Barkley if WR tier gone. Pick 14: Balance build—secure RB if WR-heavy room; consider Bowers/McBride if tiers flatten. Picks 27/34: Prioritize WR2/3 or RB2; consider Allen/Hurts/Lamar only if they fall. Picks 47+: Prioritize upside (rookies/sophomores).,,Y,,,,,,,,,,Tier 6 (Rounds 8-9)
9.11,107.1,Denver Defense,DEF,DEN,52,14.8,68,126,12,107.1,,,,,,,,,,,,,,107.1,,,,DST target. Round ~11. Bye 12. Pick 7: Prefer elite WR; pivot to Gibbs/Bijan/Barkley if WR tier gone. Pick 14: Balance build—secure RB if WR-heavy room; consider Bowers/McBride if tiers flatten. Picks 27/34: Prioritize WR2/3 or RB2; consider Allen/Hurts/Lamar only if they fall. Picks 47+: Prioritize upside (rookies/sophomores).,,,,,,,,,,,,Tier 6 (Rounds 8-9)
9.12,108.2,Chris Godwin,WR,TB,12,7.4,91,116,9,108.2,,,,,,,,,,,,,,108.2,,,,WR3/Flex. Round ~11. Bye 9. Full-PPR: reception volume boosts value. Pick 7: Prefer elite WR; pivot to Gibbs/Bijan/Barkley if WR tier gone. Pick 14: Balance build—secure RB if WR-heavy room; consider Bowers/McBride if tiers flatten. Picks 27/34: Prioritize WR2/3 or RB2; consider Allen/Hurts/Lamar only if they fall. Picks 47+: Prioritize upside (rookies/sophomores).,,,,,,,,,,,,Tier 7+ (Bench/Upside)
9.12,108.5,J.J. McCarthy,QB,MIN,18,15.8,78,131,6,108.5,1.0,,,,,,,,,,,,,108.5,,,,QB1/2 target. Round ~11. Bye 6. Boone: sleeper/upside. Pick 7: Prefer elite WR; pivot to Gibbs/Bijan/Barkley if WR tier gone. Pick 14: Balance build—secure RB if WR-heavy room; consider Bowers/McBride if tiers flatten. Picks 27/34: Prioritize WR2/3 or RB2; consider Allen/Hurts/Lamar only if they fall. Picks 47+: Prioritize upside (rookies/sophomores).,Y,,,Y,,,,,,Boone: highlighted as sleeper/upside.,Boone Sleeper,Tier 7+ (Bench/Upside)
